,subtaskID,datapointID,answer
0,1,1,15.0
0,2,10001,386.8190735376531
1,2,10002,243.00984823450824
2,2,10003,480.9109448637834
3,2,10004,248.4845160681523
4,2,10005,336.77302339482463
5,2,10006,160.66328773474254
6,2,10007,396.99986872025573
7,2,10008,171.7667286208124
8,2,10009,324.55050227814786
9,2,10010,134.62284561120535
10,2,10011,238.04041209913356
11,2,10012,384.88782328150006
12,2,10013,154.80569578456075
13,2,10014,363.64522557618284
14,2,10015,345.52397197046673
15,2,10016,294.45927156702896
16,2,10017,391.6359922093024
17,2,10018,440.9766533132281
18,2,10019,479.42649352996983
19,2,10020,764.003146351107
20,2,10021,400.2456277591947
21,2,10022,119.62207158881739
22,2,10023,294.79893663764176
23,2,10024,455.2601768111514
24,2,10025,482.0973931654162
25,2,10026,229.93627294220488
26,2,10027,414.5340821886251
27,2,10028,280.8959460599315
28,2,10029,398.79861447466885
29,2,10030,428.344159774393
30,2,10031,366.79301780471775
31,2,10032,383.5388018371861
32,2,10033,114.55871795220719
33,2,10034,369.43498403393113
34,2,10035,193.86176983053642
35,2,10036,333.73078631644483
36,2,10037,507.3086742577348
37,2,10038,350.24955299909965
38,2,10039,380.895827382707
39,2,10040,662.2588336609854
40,2,10041,342.15397524807844
41,2,10042,351.9520332598265
42,2,10043,218.50897263007886
43,2,10044,354.10463930335516
44,2,10045,437.93452514054746
45,2,10046,280.86455316378147
46,2,10047,505.58587096707697
47,2,10048,853.7947296645559
48,2,10049,417.1136542208119
49,2,10050,203.21287932654224
50,2,10051,564.7633026009665
51,2,10052,339.9148516454161
52,2,10053,308.7048091510497
53,2,10054,511.6756753651915
54,2,10055,428.66472173856323
55,2,10056,163.25723937978026
56,2,10057,689.5951543157103
57,2,10058,208.28162825338273
58,2,10059,547.580598472956
59,2,10060,637.4222659252482
60,2,10061,285.33451783047997
61,2,10062,205.5453881518911
62,2,10063,248.30202246984317
63,2,10064,131.39361324670583
64,2,10065,502.37022413908403
65,2,10066,456.84367566344383
66,2,10067,120.50568910499032
67,2,10068,356.21802451803416
68,2,10069,249.38947246287472
69,2,10070,514.5189829392805
70,2,10071,298.4269430620415
71,2,10072,457.3723860319623
72,2,10073,411.9771685584274
73,2,10074,210.30861575308035
74,2,10075,113.43288848451891
75,2,10076,484.32006617658476
76,2,10077,362.39220583850357
77,2,10078,446.10656643396896
78,2,10079,284.66076582968515
79,2,10080,534.3666539775145
80,2,10081,602.9388165765265
81,2,10082,441.9280735963461
82,2,10083,463.05594842274945
83,2,10084,365.5367510864552
84,2,10085,406.79548649102867
85,2,10086,349.92437691962476
86,2,10087,412.3341583442249
87,2,10088,443.1363313074089
88,2,10089,173.01467789886487
89,2,10090,86.51939962127813
90,2,10091,416.18833533154475
91,2,10092,487.9238159255808
92,2,10093,522.3206997220875
93,2,10094,287.1386693971057
94,2,10095,309.5961302774652
95,2,10096,473.51449079785846
96,2,10097,186.09601448435333
97,2,10098,362.09459890569184
98,2,10099,327.41213746371216
99,2,10100,256.1612831784239
100,2,10101,542.1881796453299
101,2,10102,277.0202865435525
102,2,10103,183.2431938525669
103,2,10104,555.7215502559827
104,2,10105,420.2842704243512
105,2,10106,477.07336846810256
106,2,10107,376.8337270160436
107,2,10108,327.68677169593997
108,2,10109,612.445131155782
109,2,10110,613.8009076496915
110,2,10111,496.99578980838623
111,2,10112,267.56226920546595
112,2,10113,119.80774008086041
113,2,10114,800.0981106875311
114,2,10115,220.35395448346478
115,2,10116,348.266383109717
116,2,10117,355.9914181590286
117,2,10118,644.3029393287483
118,2,10119,151.459985089754
119,2,10120,407.40187985314304
120,2,10121,333.83141520637884
121,2,10122,131.39632957046982
122,2,10123,501.6330286275776
123,2,10124,268.2218677023508
124,2,10125,216.49446638369702
125,2,10126,320.83149523637945
126,2,10127,336.3978762097814
127,2,10128,108.12976620091615
128,2,10129,119.32923188286514
129,2,10130,479.9524693241218
130,2,10131,574.1055570261974
131,2,10132,299.28117607752614
132,2,10133,635.346410628518
133,2,10134,363.55180326247864
134,2,10135,186.39448803494895
135,2,10136,351.360783393515
136,2,10137,502.38714811323604
137,2,10138,514.5706898213563
138,2,10139,151.3204074513522
139,2,10140,432.63052870412525
140,2,10141,497.40311509535053
141,2,10142,177.67531489708782
142,2,10143,480.57551518157163
143,2,10144,463.2566002292947
144,2,10145,810.4457326018745
145,2,10146,291.23128870705807
146,2,10147,450.34018162364873
147,2,10148,724.0348652433606
148,2,10149,129.8593087204691
149,2,10150,338.100160847843
150,2,10151,370.73739666009726
151,2,10152,487.4893866117291
152,2,10153,178.853675399168
153,2,10154,295.0040297660069
154,2,10155,780.0563974487342
155,2,10156,286.9353293083197
156,2,10157,171.98902160738
157,2,10158,636.9639923588535
158,2,10159,429.1566789674402
159,2,10160,348.280627890417
160,2,10161,416.6956953867322
161,2,10162,553.3916882447173
162,2,10163,384.66971292121076
163,2,10164,225.74530475343573
164,2,10165,338.03320353741367
165,2,10166,441.2666496256259
166,2,10167,77.6572756125085
167,2,10168,446.6382897742874
168,2,10169,279.3385431901388
169,2,10170,144.52831652811
170,2,10171,298.26878812670833
171,2,10172,604.269599943298
172,2,10173,519.8048333203102
173,2,10174,317.3601014483603
174,2,10175,437.4256386646738
175,2,10176,446.868046494453
176,2,10177,592.207713111586
177,2,10178,594.8934519749057
178,2,10179,370.3262895630376
179,2,10180,479.77259835563484
180,2,10181,361.9381675555708
181,2,10182,291.35021946954555
182,2,10183,327.0296352022515
183,2,10184,344.33588809044966
184,2,10185,171.0331152964686
185,2,10186,473.52291655301906
186,2,10187,217.3331542102013
187,2,10188,555.1908974226859
188,2,10189,513.438073097336
189,2,10190,135.75595211423945
190,2,10191,241.26167606773544
191,2,10192,266.7808247749862
192,2,10193,360.64769840651485
193,2,10194,214.06259269005776
194,2,10195,676.0767301217138
195,2,10196,197.22811689997454
196,2,10197,147.38014715406703
197,2,10198,636.3102659094054
198,2,10199,315.9037226023726
199,2,10200,125.27522949290028
200,2,10201,313.08188422487444
201,2,10202,125.81054950180214
202,2,10203,581.1193033286133
203,2,10204,176.42091767826776
204,2,10205,252.59929605917446
205,2,10206,393.98294072198695
206,2,10207,342.9668720612103
207,2,10208,606.7799042543036
208,2,10209,571.082752796918
209,2,10210,471.2392437173853
210,2,10211,174.0488903114053
211,2,10212,587.1477346046033
212,2,10213,95.84855916499538
213,2,10214,386.2470149523196
214,2,10215,221.3944599047662
215,2,10216,250.846728610583
216,2,10217,475.80773180596276
217,2,10218,463.9109001813701
218,2,10219,503.964005022991
219,2,10220,475.8130408558911
220,2,10221,304.1855334060801
221,2,10222,202.0492122954474
222,2,10223,659.721285459696
223,2,10224,215.59872633950135
224,2,10225,380.15617035169873
225,2,10226,377.5302353730601
226,2,10227,537.371431846168
227,2,10228,162.83215819511855
228,2,10229,257.015135647836
229,2,10230,215.39497889005193
230,2,10231,194.64961803237696
231,2,10232,546.8972957603128
232,2,10233,543.5714691342765
233,2,10234,247.36974749238007
234,2,10235,444.6224213946898
235,2,10236,299.2977289348072
236,2,10237,417.08680809031245
237,2,10238,204.21339989530665
238,2,10239,623.800179091922
239,2,10240,443.26398907394696
240,2,10241,336.2134805654794
241,2,10242,530.4344058730439
242,2,10243,475.7240704240414
243,2,10244,352.44451942419636
244,2,10245,630.3408475912127
245,2,10246,366.0586533646926
246,2,10247,417.11988879469175
247,2,10248,258.22144080366695
248,2,10249,454.13848118702094
249,2,10250,393.0652476906422
250,2,10251,260.1046770679611
251,2,10252,441.7109158665861
252,2,10253,265.1337260489252
253,2,10254,291.9971411618485
254,2,10255,532.2952543017054
255,2,10256,168.69273705551527
256,2,10257,252.5468399094094
257,2,10258,301.7395488763371
258,2,10259,268.4020428030384
259,2,10260,224.4079146081062
260,2,10261,560.899939155056
261,2,10262,126.91358335157838
262,2,10263,317.62038255898
263,2,10264,281.94216327955894
264,2,10265,282.47978151648755
265,2,10266,387.93558809493544
266,2,10267,538.6689837088245
267,2,10268,665.9968639974361
268,2,10269,516.5636547528594
269,2,10270,266.8777849883817
270,2,10271,284.9679593682811
271,2,10272,481.04590225964836
272,2,10273,598.2006922840924
273,2,10274,365.5836698023957
274,2,10275,585.5501459258271
275,2,10276,210.0126657513782
276,2,10277,321.7677817329788
277,2,10278,232.92700180915105
278,2,10279,194.80707759074932
279,2,10280,670.9121846630403
280,2,10281,572.90295411543
281,2,10282,647.3488364022174
282,2,10283,230.71785985126215
283,2,10284,157.9111839950097
284,2,10285,567.4005690344063
285,2,10286,388.88464404748044
286,2,10287,336.51287159443734
287,2,10288,232.82473870950096
288,2,10289,325.7980347471906
289,2,10290,287.3142908171353
290,2,10291,512.4191765188144
291,2,10292,637.1579430686534
292,2,10293,614.152129862898
293,2,10294,515.4613498111632
294,2,10295,538.8531647074327
295,2,10296,628.89485303242
296,2,10297,580.7295994558463
297,2,10298,491.714675396527
298,2,10299,314.8013798792095
299,2,10300,209.68682462771903
300,2,10301,623.9699290363384
301,2,10302,382.32788563613946
302,2,10303,199.1270024193386
303,2,10304,484.58141178504184
304,2,10305,456.7436303892654
305,2,10306,250.9295994108904
306,2,10307,243.92197523172607
307,2,10308,357.5932649504227
308,2,10309,293.0284554256931
309,2,10310,449.6642984515062
310,2,10311,321.0609693829333
311,2,10312,257.56283020904533
312,2,10313,370.5267417804187
313,2,10314,619.1338812724206
314,2,10315,361.8384477213353
315,2,10316,678.4068298956341
316,2,10317,637.8124026845119
317,2,10318,231.82017453193325
318,2,10319,231.48904407242858
319,2,10320,419.30077803855846
320,2,10321,708.9715069588942
321,2,10322,474.6547150720413
322,2,10323,333.7225374826942
323,2,10324,689.3406133059292
324,2,10325,230.67348184088635
325,2,10326,390.22066478626306
326,2,10327,476.0862772646181
327,2,10328,203.63494188393864
328,2,10329,484.8167082194494
329,2,10330,428.8396881408295
330,2,10331,108.06122107491575
331,2,10332,338.8629178811565
332,2,10333,676.3523715439785
333,2,10334,395.0101862102863
334,2,10335,466.64350224274017
335,2,10336,339.35280948205605
336,2,10337,152.23414066241594
337,2,10338,580.3842779493658
338,2,10339,338.2097856179577
339,2,10340,659.6862990718007
340,2,10341,599.2738918094287
341,2,10342,428.2319602940022
342,2,10343,343.7512245056944
343,2,10344,221.81659388297686
344,2,10345,737.4183636046097
345,2,10346,751.4654936608781
346,2,10347,299.13562366363465
347,2,10348,361.5762537204829
348,2,10349,373.3658343650857
349,2,10350,395.0501107284533
350,2,10351,569.0808506752226
351,2,10352,476.2189998140915
352,2,10353,443.38627236642714
353,2,10354,202.60575410110104
354,2,10355,661.4044736179933
355,2,10356,264.04500452622835
356,2,10357,678.7462771658743
357,2,10358,228.6037457832387
358,2,10359,279.60327132974777
359,2,10360,431.3502370840109
360,2,10361,75.76716497772821
361,2,10362,334.67355869525784
362,2,10363,343.8577647846709
363,2,10364,170.33032567137062
364,2,10365,332.4388605312431
365,2,10366,761.9264360270575
366,2,10367,648.8587543160879
367,2,10368,488.94466701350086
368,2,10369,317.0969480474703
369,2,10370,312.9356591809895
370,2,10371,244.31949909718992
371,2,10372,393.3838023972335
372,2,10373,202.0023904616666
373,2,10374,580.8267055713245
374,2,10375,450.58349404421784
375,2,10376,207.74652081124702
376,2,10377,482.67363426341245
377,2,10378,187.42538156612486
378,2,10379,177.4898532330843
379,2,10380,546.779874737423
380,2,10381,139.39900993468083
381,2,10382,685.1535784464106
382,2,10383,637.1999133488602
383,2,10384,455.7104599255832
384,2,10385,621.2137478721768
385,2,10386,406.0148138505826
386,2,10387,162.19333789856682
387,2,10388,558.2448595383686
388,2,10389,250.42576084082287
389,2,10390,143.81601471841012
390,2,10391,451.61819790042443
391,2,10392,650.11329853268
392,2,10393,355.16799953683517
393,2,10394,152.12117104797923
394,2,10395,294.5776329737887
395,2,10396,352.1697201474546
396,2,10397,132.0842244462501
397,2,10398,247.12100479717952
398,2,10399,449.7234089414807
399,2,10400,95.28070692401741
400,2,10401,344.32320110827374
401,2,10402,649.5613105687128
402,2,10403,408.73307283191815
403,2,10404,529.0811512759997
404,2,10405,460.4510826410181
405,2,10406,241.60265708129444
406,2,10407,408.80270136485194
407,2,10408,319.731161883959
408,2,10409,478.9240725175018
409,2,10410,440.89925883337474
410,2,10411,408.2500010095785
411,2,10412,430.2124138754093
412,2,10413,178.4344067978634
413,2,10414,401.33581039055974
414,2,10415,445.42479851096175
415,2,10416,527.0325716412955
416,2,10417,245.92704803730072
417,2,10418,471.6599958915047
418,2,10419,448.930380829607
419,2,10420,664.5852875471777
420,2,10421,515.2635091660715
421,2,10422,271.42933524795365
422,2,10423,272.9818442700959
423,2,10424,321.91833376997397
424,2,10425,673.7973365266032
425,2,10426,326.92695790382794
426,2,10427,568.3196162329368
427,2,10428,487.8290426041648
428,2,10429,485.42454379400135
429,2,10430,302.1357061244009
430,2,10431,795.880881557215
431,2,10432,168.0170910392723
432,2,10433,446.35301953891167
433,2,10434,185.2391162646714
434,2,10435,299.0521472237894
435,2,10436,561.9771852415685
436,2,10437,385.0810731340818
437,2,10438,408.4131087646014
438,2,10439,527.8931563713592
439,2,10440,294.3807913306844
440,2,10441,495.4290302297294
441,2,10442,221.57921772590907
442,2,10443,539.335584294013
443,2,10444,406.50015941450846
444,2,10445,414.5338586976594
445,2,10446,457.68790690535997
446,2,10447,533.3311027665518
447,2,10448,289.35254227294035
448,2,10449,152.83333636735622
449,2,10450,280.1264487302126
450,2,10451,530.0569983098032
451,2,10452,150.71659918833717
452,2,10453,366.6120066253683
453,2,10454,382.36469804010335
454,2,10455,446.81859799052427
455,2,10456,460.0907267469949
456,2,10457,281.5750162585941
457,2,10458,385.1511697280822
458,2,10459,450.38789856529144
459,2,10460,337.9330461075888
460,2,10461,454.6110606053886
461,2,10462,495.947520484815
462,2,10463,368.2498989887632
463,2,10464,453.9479664228048
464,2,10465,142.47573870946593
465,2,10466,434.42361008205137
466,2,10467,546.0311336090366
467,2,10468,431.01170745276187
468,2,10469,179.89715846273424
469,2,10470,321.5739280822758
470,2,10471,181.6477268082209
471,2,10472,601.7901350483653
472,2,10473,378.44815914994314
473,2,10474,631.0692333795437
474,2,10475,191.73135943973827
475,2,10476,416.4815557916693
476,2,10477,426.1808440523524
477,2,10478,193.35958096040497
478,2,10479,278.510598959434
479,2,10480,293.99195919330464
480,2,10481,550.9686588037538
481,2,10482,209.70097699694116
482,2,10483,241.26643397296806
483,2,10484,707.6887950841299
484,2,10485,177.88378114444282
485,2,10486,353.77522557786995
486,2,10487,393.34808909052333
487,2,10488,421.9682046261033
488,2,10489,323.5748303164873
489,2,10490,190.13981053252806
490,2,10491,123.96588726430298
491,2,10492,472.32944760344094
492,2,10493,203.505660082216
493,2,10494,103.32621638911866
494,2,10495,546.6841484846128
495,2,10496,390.9540054180887
496,2,10497,135.74947740394617
497,2,10498,247.26439826128566
498,2,10499,376.02657305525844
499,2,10500,248.93384015992058
500,2,10501,396.80438273997817
501,2,10502,232.65435978783276
502,2,10503,95.18740422388288
503,2,10504,510.5293198392834
504,2,10505,343.8209022300393
505,2,10506,337.53849439782846
506,2,10507,501.7159784372333
507,2,10508,424.96735741869173
508,2,10509,390.5827642716591
509,2,10510,392.83588121966
510,2,10511,511.50060134843926
511,2,10512,377.0523063764944
512,2,10513,489.2423360434324
513,2,10514,265.54603785531094
514,2,10515,659.2918873349699
515,2,10516,314.32804072000005
516,2,10517,733.4421120525365
517,2,10518,156.15205132825645
518,2,10519,316.166836908844
519,2,10520,265.78851226040666
520,2,10521,216.27856111612374
521,2,10522,528.7746837965725
522,2,10523,403.1606946574401
523,2,10524,228.73015509931832
524,2,10525,343.6982550324059
525,2,10526,510.50713527933914
526,2,10527,203.85846039529932
527,2,10528,443.1445947296184
528,2,10529,122.73693097914685
529,2,10530,129.09763525919877
530,2,10531,559.8969792232213
531,2,10532,158.4569016888769
532,2,10533,335.8459606571686
533,2,10534,681.2863027946024
534,2,10535,168.73167261793108
535,2,10536,447.00081076229156
536,2,10537,108.6668891600882
537,2,10538,173.14087870145516
538,2,10539,310.17911939013135
539,2,10540,626.537988795426
540,2,10541,316.9921184830954
541,2,10542,447.14531178799973
542,2,10543,385.2504654615491
543,2,10544,465.9984489892164
544,2,10545,626.547751946971
545,2,10546,612.346737009108
546,2,10547,247.7341273338108
547,2,10548,684.3289864040955
548,2,10549,453.4595968069636
549,2,10550,566.9978623545223
550,2,10551,123.30066129557787
551,2,10552,367.3934310389323
552,2,10553,359.6794000551529
553,2,10554,548.5497557995184
554,2,10555,478.0759626230664
555,2,10556,464.70552167190925
556,2,10557,121.13247994984573
557,2,10558,296.35902973791866
558,2,10559,466.7238096093939
559,2,10560,237.81178840560722
560,2,10561,340.90351522769976
561,2,10562,704.191965318119
562,2,10563,463.34923637960844
563,2,10564,180.090891099596
564,2,10565,96.32824991758542
565,2,10566,289.2942189789362
566,2,10567,419.6705245597545
567,2,10568,531.1834772432929
568,2,10569,431.8552044690836
569,2,10570,270.392121152722
570,2,10571,638.9028334190674
571,2,10572,741.5374238374453
572,2,10573,763.2597849991848
573,2,10574,160.62324555088
574,2,10575,470.38081491990204
575,2,10576,454.9701738277166
576,2,10577,558.7917581164381
577,2,10578,541.3584188694642
578,2,10579,401.3459182194392
579,2,10580,518.2195411200224
580,2,10581,663.337657384408
581,2,10582,334.23814579211574
582,2,10583,254.8764803508328
583,2,10584,188.90014786375409
584,2,10585,124.2652959393464
585,2,10586,805.3107612651379
586,2,10587,659.2667952364081
587,2,10588,229.09900734941954
588,2,10589,442.0162987334039
589,2,10590,399.32347074001746
590,2,10591,276.91414494595404
591,2,10592,467.4085522851316
592,2,10593,228.52838699529832
593,2,10594,270.59013478625917
594,2,10595,451.3483935558594
595,2,10596,415.7132789290773
596,2,10597,400.3674919514705
597,2,10598,404.19173444346694
598,2,10599,551.9817397818935
599,2,10600,141.02068687795338
600,2,10601,257.1295450013261
601,2,10602,373.904818164543
602,2,10603,512.275270153795
603,2,10604,480.87490270936894
604,2,10605,286.49633935883674
605,2,10606,428.35362975973635
606,2,10607,91.45792894754203
607,2,10608,524.7628448579501
608,2,10609,644.3991910727123
609,2,10610,222.8677357917112
610,2,10611,242.82029976462795
611,2,10612,629.0942956100407
612,2,10613,311.34428894674795
613,2,10614,336.6739367777798
614,2,10615,126.03422387960222
615,2,10616,664.0021924725792
616,2,10617,489.6381226766403
617,2,10618,300.87358531643576
618,2,10619,519.1650280168974
619,2,10620,322.7145321110207
620,2,10621,230.542627230253
621,2,10622,216.4385784799518
622,2,10623,371.5438932306872
623,2,10624,401.3546791768071
624,2,10625,222.70217155967427
625,2,10626,618.5201387693351
626,2,10627,126.74862165554435
627,2,10628,426.6621990389723
628,2,10629,182.14548094999054
629,2,10630,326.39129873362003
630,2,10631,650.0655572543669
631,2,10632,478.3920189283357
632,2,10633,400.06225314955464
633,2,10634,524.5129459377113
634,2,10635,625.77704608922
635,2,10636,384.98331662981775
636,2,10637,287.6377004202124
637,2,10638,153.9605688253559
638,2,10639,553.3688710806433
639,2,10640,383.40857216581406
640,2,10641,81.81393228356961
641,2,10642,459.7612016532342
642,2,10643,398.4580579152283
643,2,10644,386.76051479404987
644,2,10645,479.47119071127395
645,2,10646,843.994522422365
646,2,10647,332.0355818556263
647,2,10648,297.25134506360257
648,2,10649,215.70239242164456
649,2,10650,511.51625092703705
650,2,10651,518.530000967783
651,2,10652,429.3778055283738
652,2,10653,288.39662880519893
653,2,10654,458.8948558877114
654,2,10655,355.14395535162845
655,2,10656,81.17262770024564
656,2,10657,183.52701999547307
657,2,10658,385.11210213675014
658,2,10659,156.12841738653069
659,2,10660,197.94604958157754
660,2,10661,496.0389454161535
661,2,10662,335.8953644970295
662,2,10663,338.51676501355564
663,2,10664,464.2005619223229
664,2,10665,470.8308147955337
665,2,10666,275.1243656877909
666,2,10667,144.1321840501408
667,2,10668,194.84316292315378
668,2,10669,239.2421844016876
669,2,10670,322.4336455863951
670,2,10671,576.1811722702369
671,2,10672,267.085596256309
672,2,10673,540.9542652010356
673,2,10674,119.6338874947512
674,2,10675,342.9385505136971
675,2,10676,361.7162727194239
676,2,10677,154.84634506575657
677,2,10678,423.349986028874
678,2,10679,750.5821960212843
679,2,10680,582.5382985034639
680,2,10681,174.7052048037242
681,2,10682,432.1686539101963
682,2,10683,181.55216474457688
683,2,10684,138.8581666337686
684,2,10685,281.63437885515475
685,2,10686,471.8675097878272
686,2,10687,455.57688557069474
687,2,10688,304.45475173815805
688,2,10689,359.1183652001434
689,2,10690,311.5648904113097
690,2,10691,305.2591812295247
691,2,10692,233.95338301072513
692,2,10693,279.71116304460844
693,2,10694,467.51731287533516
694,2,10695,516.3747558419838
695,2,10696,174.5044066107358
696,2,10697,110.34021689337521
697,2,10698,139.25882521825642
698,2,10699,112.49339057101508
699,2,10700,215.4578243163216
700,2,10701,326.07988424851123
701,2,10702,630.6464775122942
702,2,10703,465.5609913018858
703,2,10704,435.9612682378553
704,2,10705,822.480368476102
705,2,10706,437.2587351546477
706,2,10707,182.91969797960695
707,2,10708,447.23132088735883
708,2,10709,295.27778351430226
709,2,10710,557.6767694955032
710,2,10711,322.89742574634766
711,2,10712,179.65194609634068
712,2,10713,597.1309205152573
713,2,10714,335.1160501936088
714,2,10715,438.57914313029767
715,2,10716,206.05383671253887
716,2,10717,662.6432740898747
717,2,10718,215.24188888926125
718,2,10719,477.680626903207
719,2,10720,362.08266467026175
720,2,10721,623.8670136949183
721,2,10722,533.7153861569448
722,2,10723,225.84723821628222
723,2,10724,519.622958723101
724,2,10725,268.5906873335271
725,2,10726,460.78827962514004
726,2,10727,555.6245980350427
727,2,10728,207.9429925871197
728,2,10729,199.5703011057739
729,2,10730,153.66688631010732
730,2,10731,560.3051251640336
731,2,10732,145.56531430463363
732,2,10733,337.138921066566
733,2,10734,391.31177215796356
734,2,10735,266.81764345730323
735,2,10736,658.6106848025397
736,2,10737,163.2295218496464
737,2,10738,280.8151420568107
738,2,10739,567.3818361022858
739,2,10740,393.01693574270485
740,2,10741,277.02587397318337
741,2,10742,329.2232740137659
742,2,10743,392.70525277119657
743,2,10744,227.30505594696882
744,2,10745,574.6818173766842
745,2,10746,342.2909890686759
746,2,10747,106.17136761484602
747,2,10748,458.4317059354445
748,2,10749,607.3693350432886
749,2,10750,644.9068995241694
750,2,10751,172.30989357795133
751,2,10752,547.719735852421
752,2,10753,155.80626517404082
753,2,10754,242.73150188272544
754,2,10755,487.6235586059691
755,2,10756,467.0298141699441
756,2,10757,314.6631393839
757,2,10758,352.23757967784195
758,2,10759,527.0935350721624
759,2,10760,308.5177610982411
760,2,10761,436.4347821074796
761,2,10762,411.763517129946
762,2,10763,343.4398262431705
763,2,10764,352.320481846145
764,2,10765,242.39373578663609
765,2,10766,705.6287752735818
766,2,10767,483.6147017824573
767,2,10768,630.5978536177772
768,2,10769,82.332601849085
769,2,10770,531.1823352760568
770,2,10771,383.41415390870225
771,2,10772,294.6034452994895
772,2,10773,363.7642318926264
773,2,10774,154.02953322592302
774,2,10775,336.18461626204663
775,2,10776,433.5384358351124
776,2,10777,612.2084024579387
777,2,10778,429.92609296783917
778,2,10779,437.4358956917631
779,2,10780,409.492662591487
780,2,10781,221.84047547385285
781,2,10782,321.4491537929719
782,2,10783,444.9621476357396
783,2,10784,520.9190336220294
784,2,10785,644.565143090929
785,2,10786,412.5417484990581
786,2,10787,102.75678765931087
787,2,10788,423.9229619262825
788,2,10789,154.3327420680991
789,2,10790,508.0783624205313
790,2,10791,118.56795333739728
791,2,10792,139.7140787799043
792,2,10793,305.38495423432
793,2,10794,219.20207026850792
794,2,10795,92.3580412882859
795,2,10796,429.9936760656957
796,2,10797,133.43941884124857
797,2,10798,448.29886414884174
798,2,10799,664.8494111885652
799,2,10800,322.72460946543885
800,2,10801,512.3740988906042
801,2,10802,746.4001039466694
802,2,10803,312.80973605550605
803,2,10804,361.846659620884
804,2,10805,438.25151755074234
805,2,10806,171.53755962885148
806,2,10807,680.5446913255586
807,2,10808,257.5572783974163
808,2,10809,340.3507495607324
809,2,10810,290.7341219059329
810,2,10811,401.23467143775025
811,2,10812,548.8529832503425
812,2,10813,520.228396980579
813,2,10814,468.9035489415417
814,2,10815,315.41781276528815
815,2,10816,202.96644229290635
816,2,10817,484.9163912375455
817,2,10818,153.59908191222175
818,2,10819,457.477853172623
819,2,10820,220.09008273544444
820,2,10821,365.2418922302219
821,2,10822,236.22618806509473
822,2,10823,462.582917961868
823,2,10824,246.37883681631067
824,2,10825,487.31720805433196
825,2,10826,274.63616536471926
826,2,10827,124.92886557892427
827,2,10828,464.907749353715
828,2,10829,630.9549201979006
829,2,10830,236.31950738755634
830,2,10831,332.37957207744404
831,2,10832,453.5017299222401
832,2,10833,395.7288759958486
833,2,10834,319.41257462182193
834,2,10835,613.8551636814692
835,2,10836,288.2999357046575
836,2,10837,575.5386450301858
837,2,10838,455.0934600191425
838,2,10839,509.59983100279027
839,2,10840,422.76000543636724
840,2,10841,432.9619140481352
841,2,10842,755.2549499238685
842,2,10843,225.08163314111928
843,2,10844,260.8146325465201
844,2,10845,552.3468112203748
845,2,10846,466.192174302146
846,2,10847,431.29644008988316
847,2,10848,390.68045036817847
848,2,10849,430.9349475492284
849,2,10850,315.45025644701957
850,2,10851,601.7525593410284
851,2,10852,417.6661655531406
852,2,10853,191.29438737298614
853,2,10854,539.0280486438804
854,2,10855,561.7715930988539
855,2,10856,385.92221038441625
856,2,10857,428.5029811303164
857,2,10858,468.0071996296172
858,2,10859,540.764784698725
859,2,10860,440.58112805518874
860,2,10861,210.36552404933417
861,2,10862,148.81232079276614
862,2,10863,226.8033480900812
863,2,10864,530.4944853362541
864,2,10865,593.1192911581193
865,2,10866,567.7030980104718
866,2,10867,159.5147054856984
867,2,10868,346.24595522320516
868,2,10869,319.4513115873914
869,2,10870,150.41778040699828
870,2,10871,563.4425995995415
871,2,10872,147.98216387311913
872,2,10873,478.88999602843023
873,2,10874,217.06260154106576
874,2,10875,560.2633045654445
875,2,10876,501.93788362779713
876,2,10877,495.2974320174703
877,2,10878,388.41452528680117
878,2,10879,394.8280230073694
879,2,10880,330.9866283020659
880,2,10881,259.2891285622355
881,2,10882,196.2597723901831
882,2,10883,528.2109445618605
883,2,10884,300.7633438270024
884,2,10885,359.57017647941234
885,2,10886,96.99792488805633
886,2,10887,350.82489475742625
887,2,10888,513.6285754758248
888,2,10889,487.15113466151075
889,2,10890,202.83815529361806
890,2,10891,362.64356816514277
891,2,10892,596.4466378847433
892,2,10893,630.2742251352194
893,2,10894,312.81361849912173
894,2,10895,314.42752783355866
895,2,10896,289.1000566801075
896,2,10897,521.3778621681556
897,2,10898,306.1061186566294
898,2,10899,528.7810956976477
899,2,10900,635.4666809046773
900,2,10901,218.50266589567443
901,2,10902,165.96694443300999
902,2,10903,251.77691111540244
903,2,10904,625.743202802332
904,2,10905,106.61352301528353
905,2,10906,410.14101885743526
906,2,10907,343.5390927585309
907,2,10908,370.9700678077784
908,2,10909,358.64879336383416
909,2,10910,359.89842205373157
910,2,10911,217.32824526261518
911,2,10912,441.6682961381992
912,2,10913,192.68322811598065
913,2,10914,268.5251592425169
914,2,10915,643.7846150374837
915,2,10916,675.3108707086028
916,2,10917,167.99882133225267
917,2,10918,467.01912914631833
918,2,10919,64.7288935178355
919,2,10920,83.73442131523296
920,2,10921,348.3362526074434
921,2,10922,572.2405875074223
922,2,10923,282.60472564302563
923,2,10924,108.50244483742864
924,2,10925,564.8006139503809
925,2,10926,301.0737824247138
926,2,10927,429.66433746945387
927,2,10928,166.9158197349071
928,2,10929,447.06663623527385
929,2,10930,343.5450154685185
930,2,10931,250.64169410777163
931,2,10932,581.6279459122125
932,2,10933,365.6309929358452
933,2,10934,212.52123390298857
934,2,10935,522.1445164836525
935,2,10936,335.7968766450988
936,2,10937,540.1245256687776
937,2,10938,180.8690019526413
938,2,10939,669.9082403887278
939,2,10940,413.0154117261855
940,2,10941,509.3285140830018
941,2,10942,410.3134531832138
942,2,10943,144.8096423934748
943,2,10944,392.76281544991383
944,2,10945,334.743602763742
945,2,10946,394.55694410224476
946,2,10947,553.5150397107753
947,2,10948,374.94852466907855
948,2,10949,437.47862974799176
949,2,10950,422.35078493627475
950,2,10951,221.82167475747744
951,2,10952,508.5576967277596
952,2,10953,410.0134089370574
953,2,10954,387.3794667058285
954,2,10955,559.4512067621292
955,2,10956,633.7897400904664
956,2,10957,341.45152158641093
957,2,10958,404.2106249847593
958,2,10959,373.3110457355271
959,2,10960,185.14445361869866
960,2,10961,411.51803000932375
961,2,10962,216.53042814868937
962,2,10963,291.03654956759163
963,2,10964,371.93377829426936
964,2,10965,360.883909506597
965,2,10966,313.93214924779
966,2,10967,570.8269693969665
967,2,10968,385.9573593942432
968,2,10969,268.9949314385435
969,2,10970,559.5303406003043
970,2,10971,326.34379732587854
971,2,10972,594.3993239972574
972,2,10973,313.2820281879044
973,2,10974,130.93506041952185
974,2,10975,476.2115963247295
975,2,10976,451.05587362843573
976,2,10977,326.4057073264795
977,2,10978,222.14907385755723
978,2,10979,401.82584726852895
979,2,10980,661.0314852916713
980,2,10981,360.9054676538747
981,2,10982,482.60882707570494
982,2,10983,503.8261272707592
983,2,10984,303.84689804989836
984,2,10985,799.683004184742
985,2,10986,433.17871845721805
986,2,10987,119.41542553572225
987,2,10988,567.1026947433772
988,2,10989,555.0823272044513
989,2,10990,574.8943100701568
990,2,10991,462.45668404110904
991,2,10992,335.66116118208254
992,2,10993,650.2203388332152
993,2,10994,382.4765453839333
994,2,10995,131.59160068980472
995,2,10996,118.72849298824377
996,2,10997,501.52473205506317
997,2,10998,420.312800021442
998,2,10999,381.54511441409113
999,2,11000,477.1069027001339
1000,2,11001,163.54950822821
1001,2,11002,351.1346577577936
1002,2,11003,514.7778972694914
1003,2,11004,523.1570748575093
1004,2,11005,241.51962916251705
1005,2,11006,491.94390148809345
1006,2,11007,580.4662480803373
1007,2,11008,465.95875709732155
1008,2,11009,282.82838149858344
1009,2,11010,425.5287860250144
1010,2,11011,412.510257503422
1011,2,11012,388.99492546519014
1012,2,11013,418.76457052021135
1013,2,11014,299.19940873185703
1014,2,11015,266.12205833871053
1015,2,11016,656.4412020123989
1016,2,11017,534.2165817106446
1017,2,11018,322.1592919345068
1018,2,11019,118.17535899946171
1019,2,11020,329.19831980019376
1020,2,11021,512.7871240793451
1021,2,11022,382.75276345997514
1022,2,11023,151.94128407910938
1023,2,11024,369.0097141297917
1024,2,11025,329.61597368058926
1025,2,11026,525.9947221957486
1026,2,11027,260.7818437751323
1027,2,11028,162.0138530341765
1028,2,11029,357.94512858704826
1029,2,11030,289.0193199936016
1030,2,11031,539.1237005081014
1031,2,11032,680.6063577159855
1032,2,11033,307.3557475347387
1033,2,11034,516.4884902831211
1034,2,11035,398.8444559305995
1035,2,11036,378.69841121974724
1036,2,11037,247.35052404217606
1037,2,11038,231.89705832628704
1038,2,11039,261.08043630067874
1039,2,11040,620.2525983938689
1040,2,11041,284.3275683798084
1041,2,11042,501.21552933612577
1042,2,11043,370.84138308408285
1043,2,11044,430.22587360216687
1044,2,11045,664.698927888738
1045,2,11046,246.85944305463232
1046,2,11047,571.5241730763762
1047,2,11048,160.06041074013947
1048,2,11049,300.98833032116636
1049,2,11050,581.8812752892223
1050,2,11051,303.30387979121303
1051,2,11052,366.76092510191717
1052,2,11053,147.9106407345068
1053,2,11054,91.70544100707895
1054,2,11055,154.62448200553956
1055,2,11056,663.4680468950548
1056,2,11057,240.83669792419795
1057,2,11058,150.3959183907273
1058,2,11059,712.143219953462
1059,2,11060,180.09172750687893
1060,2,11061,260.5303285830328
1061,2,11062,782.4727024250637
1062,2,11063,511.5486618394819
1063,2,11064,728.4452092102715
1064,2,11065,448.75187938029654
1065,2,11066,571.3882350951726
1066,2,11067,354.24940169869683
1067,2,11068,329.79516971311625
1068,2,11069,400.65149710743316
1069,2,11070,527.875242684719
1070,2,11071,220.63062115004993
1071,2,11072,805.0491075370967
1072,2,11073,144.41459087351518
1073,2,11074,133.10859690178484
1074,2,11075,328.5630546974981
1075,2,11076,569.4393460535359
1076,2,11077,548.5121112425823
1077,2,11078,293.03654655354626
1078,2,11079,340.2753784787805
1079,2,11080,262.57465854671096
1080,2,11081,206.9726637146062
1081,2,11082,446.0356060233424
1082,2,11083,338.27672632624984
1083,2,11084,459.8211764472681
1084,2,11085,449.5646255081385
1085,2,11086,142.33664883038932
1086,2,11087,215.65994892217782
1087,2,11088,506.08162103751306
1088,2,11089,514.3292941903067
1089,2,11090,441.404167286463
1090,2,11091,560.3815160960564
1091,2,11092,330.21165155614386
1092,2,11093,484.43320269860294
1093,2,11094,254.02607057866965
1094,2,11095,366.58752152694257
1095,2,11096,436.03360768377865
1096,2,11097,365.84992170752724
1097,2,11098,209.94318552887256
1098,2,11099,483.56956922497375
1099,2,11100,125.04099846325971
1100,2,11101,249.45365729035572
1101,2,11102,198.769335504028
1102,2,11103,474.03197285254424
1103,2,11104,166.51415494691895
1104,2,11105,349.00424603276014
1105,2,11106,577.9980514733325
1106,2,11107,216.26596339394916
1107,2,11108,156.2911810521946
1108,2,11109,601.436063147574
1109,2,11110,153.07031771555626
1110,2,11111,575.2203346242522
1111,2,11112,357.45688745622897
1112,2,11113,160.24544357456438
1113,2,11114,191.10400582257617
1114,2,11115,221.95184504193352
1115,2,11116,317.5738624694675
1116,2,11117,308.9963930024311
1117,2,11118,537.1419743696314
1118,2,11119,535.4112750563504
1119,2,11120,222.1888349860214
1120,2,11121,474.5607701691736
1121,2,11122,467.5341052600886
1122,2,11123,516.3898277992761
1123,2,11124,210.17450468185726
1124,2,11125,506.7809946205697
1125,2,11126,367.03860737356587
1126,2,11127,647.3433600892172
1127,2,11128,573.4068711018248
1128,2,11129,740.0274575364613
1129,2,11130,611.6752270350855
1130,2,11131,606.786760876319
1131,2,11132,243.48847763793378
1132,2,11133,303.8705867409386
1133,2,11134,207.69624212624439
1134,2,11135,286.54550789972325
1135,2,11136,244.28105642111453
1136,2,11137,179.03414721004484
1137,2,11138,615.2369573482761
1138,2,11139,346.31629156161614
1139,2,11140,491.5876379860841
1140,2,11141,239.0622038936619
1141,2,11142,207.90403187619214
1142,2,11143,350.38111641945824
1143,2,11144,186.66577348837936
1144,2,11145,353.14684967371375
1145,2,11146,139.14819240543983
1146,2,11147,286.37687816569843
1147,2,11148,263.0860006386312
1148,2,11149,617.9350728399586
1149,2,11150,338.8594154958164
1150,2,11151,516.7169602442052
1151,2,11152,130.21010795495954
1152,2,11153,565.4627248210704
1153,2,11154,818.3985141587245
1154,2,11155,377.49386755496636
1155,2,11156,197.5757130906898
1156,2,11157,756.0562223166858
1157,2,11158,285.83877497735864
1158,2,11159,557.8012964634831
1159,2,11160,337.7952940937415
1160,2,11161,399.6309788566567
1161,2,11162,623.6724399326864
1162,2,11163,836.667470701122
1163,2,11164,276.9862255883821
1164,2,11165,326.0967058930787
1165,2,11166,495.8086753437107
1166,2,11167,427.2629821134443
1167,2,11168,141.25672984898327
1168,2,11169,778.6784706148206
1169,2,11170,309.62039916069693
1170,2,11171,271.5083157674871
1171,2,11172,480.14828783310696
1172,2,11173,247.6697343752049
1173,2,11174,250.41044026430706
1174,2,11175,576.8943749253831
1175,2,11176,454.77055893034077
1176,2,11177,415.9341759139687
1177,2,11178,434.3746805943479
1178,2,11179,625.8177480763666
1179,2,11180,360.21016857637693
1180,2,11181,142.52113795663044
1181,2,11182,771.4617456130453
1182,2,11183,345.5991297461566
1183,2,11184,540.8151642882397
1184,2,11185,280.02649766770503
1185,2,11186,194.02404570559918
1186,2,11187,471.16941652558535
1187,2,11188,152.08977465160356
1188,2,11189,373.3763647852203
1189,2,11190,565.0673837864547
1190,2,11191,112.85301997358829
1191,2,11192,74.84396036903155
1192,2,11193,410.3310635426568
1193,2,11194,445.61617963832003
1194,2,11195,255.37606078904287
1195,2,11196,441.4806179065747
1196,2,11197,311.9624602220383
1197,2,11198,586.0803138035305
1198,2,11199,142.81121268762547
1199,2,11200,839.2851428559601
1200,2,11201,422.3552280270609
1201,2,11202,660.0959772156941
1202,2,11203,412.6833574333264
1203,2,11204,817.1622031878483
1204,2,11205,274.27777617426455
1205,2,11206,637.5074118098704
1206,2,11207,601.6024795605089
1207,2,11208,424.01966018321673
1208,2,11209,249.84008866700148
1209,2,11210,577.2831641777785
1210,2,11211,402.49279212291253
1211,2,11212,237.3419803163609
1212,2,11213,211.5794396227979
1213,2,11214,470.9956107163863
1214,2,11215,465.3838266312528
1215,2,11216,546.2729752780353
1216,2,11217,345.13064876175554
1217,2,11218,555.1054529693687
1218,2,11219,362.9071172628751
1219,2,11220,318.77615440892146
1220,2,11221,330.1056184909926
1221,2,11222,581.6340090953042
1222,2,11223,437.3259985549616
1223,2,11224,452.31682958342594
1224,2,11225,207.43176177591934
1225,2,11226,575.575071934474
1226,2,11227,449.61065124758574
1227,2,11228,646.954484501236
1228,2,11229,428.16453571878776
1229,2,11230,413.3296821405017
1230,2,11231,306.2606180026998
1231,2,11232,766.1288617345965
1232,2,11233,121.84671899465843
1233,2,11234,284.26644390861185
1234,2,11235,352.97136654881604
1235,2,11236,311.1198652583309
1236,2,11237,682.3764866752729
1237,2,11238,343.4124897464841
1238,2,11239,318.5398123383694
1239,2,11240,639.7112649369251
1240,2,11241,405.91246335486335
1241,2,11242,531.490350363587
1242,2,11243,467.46761429173966
1243,2,11244,524.8274334365381
1244,2,11245,357.1236689287496
1245,2,11246,142.83552221904026
1246,2,11247,459.78144948351917
1247,2,11248,629.9181046829169
1248,2,11249,344.1413067417615
1249,2,11250,352.77624117259325
1250,2,11251,603.7833916760119
1251,2,11252,658.6709417950028
1252,2,11253,519.6681736291255
1253,2,11254,284.4955045300539
1254,2,11255,396.8525423384081
1255,2,11256,351.29464953391573
1256,2,11257,680.1833553858269
1257,2,11258,643.1932277609003
1258,2,11259,526.5783246338573
1259,2,11260,273.7022721706471
1260,2,11261,209.80250783335907
1261,2,11262,421.26368479666
1262,2,11263,451.12552789072015
1263,2,11264,718.404745316871
1264,2,11265,680.7310306369968
1265,2,11266,180.86723881608563
1266,2,11267,359.50517533325194
1267,2,11268,285.92364377237357
1268,2,11269,301.0108421467305
1269,2,11270,276.5429249547676
1270,2,11271,459.29661992712545
1271,2,11272,487.31854196653006
1272,2,11273,294.7479302776196
1273,2,11274,338.3066425311078
1274,2,11275,440.97570634341025
1275,2,11276,362.68127915804746
1276,2,11277,355.0931572116652
1277,2,11278,215.01748040924647
1278,2,11279,576.3602664226739
1279,2,11280,547.3188528344001
1280,2,11281,344.5132674981034
1281,2,11282,412.13183393293906
1282,2,11283,200.32254759264816
1283,2,11284,151.74721261757014
1284,2,11285,507.8698675685705
1285,2,11286,569.6261140413823
1286,2,11287,369.3838784969034
1287,2,11288,441.5858592293285
1288,2,11289,506.96878131459687
1289,2,11290,405.0604000968124
1290,2,11291,255.54154467883285
1291,2,11292,698.0841071924444
1292,2,11293,375.7516047206797
1293,2,11294,255.20625313894044
1294,2,11295,559.9625726733937
1295,2,11296,382.7285401295698
1296,2,11297,159.2548522671258
1297,2,11298,636.0575899116022
1298,2,11299,435.6388450850504
1299,2,11300,669.0738878230882
1300,2,11301,435.70033605724296
1301,2,11302,129.8370561504183
1302,2,11303,574.3437784707021
1303,2,11304,402.967680433194
1304,2,11305,338.7833900196011
1305,2,11306,395.9323167346978
1306,2,11307,245.47436862427782
1307,2,11308,286.05025549548566
1308,2,11309,555.5698199331973
1309,2,11310,203.47421715192095
1310,2,11311,367.27640185948536
1311,2,11312,214.235814398544
1312,2,11313,141.96943056800825
1313,2,11314,293.1136130621363
1314,2,11315,595.4940444612779
1315,2,11316,526.5888648439752
1316,2,11317,519.4540399061065
1317,2,11318,556.0692950145733
1318,2,11319,282.4164698153586
1319,2,11320,238.69543529629433
1320,2,11321,205.0100690479685
1321,2,11322,482.93522574113945
1322,2,11323,118.10765991363007
1323,2,11324,153.43625877754522
1324,2,11325,506.72975676145984
1325,2,11326,482.24204097482345
1326,2,11327,237.2155770171933
1327,2,11328,293.34992083933867
1328,2,11329,580.5465327322704
1329,2,11330,340.28541540887454
1330,2,11331,337.34090981060285
1331,2,11332,331.300281060085
1332,2,11333,110.81313242899182
1333,2,11334,438.8992788986248
1334,2,11335,309.2823559356764
1335,2,11336,100.24190060756973
1336,2,11337,472.9542761308821
1337,2,11338,166.18303190093775
1338,2,11339,513.1109541021781
1339,2,11340,536.8142491249628
1340,2,11341,108.19998582025914
1341,2,11342,236.09597182672312
1342,2,11343,423.0457050117198
1343,2,11344,530.1754176911867
1344,2,11345,492.47865638153985
1345,2,11346,275.9173758419446
1346,2,11347,143.74330066445026
1347,2,11348,238.28678928009325
1348,2,11349,134.53239904681496
1349,2,11350,517.0243430361963
1350,2,11351,584.530962261261
1351,2,11352,233.73407833143733
1352,2,11353,490.0668745240472
1353,2,11354,345.0770232954469
1354,2,11355,497.86469060560876
1355,2,11356,621.9060981872517
1356,2,11357,115.4321662656767
1357,2,11358,103.64554762666069
1358,2,11359,465.1162951451647
1359,2,11360,586.0435193999357
1360,2,11361,548.2176936776692
1361,2,11362,589.2715732518143
1362,2,11363,220.27567849918168
1363,2,11364,290.5928754298211
1364,2,11365,740.1934208981019
1365,2,11366,436.9102554573771
1366,2,11367,366.65639692624023
1367,2,11368,355.26972442614147
1368,2,11369,230.668356453541
1369,2,11370,299.88177831270644
1370,2,11371,424.361498974686
1371,2,11372,235.54512529428285
1372,2,11373,458.0628715451529
1373,2,11374,363.7307427684932
1374,2,11375,618.8813606428489
1375,2,11376,369.7111350646396
1376,2,11377,365.36901004042255
1377,2,11378,330.9664723371829
1378,2,11379,475.9169395883702
1379,2,11380,196.1419249167881
1380,2,11381,557.4382984211212
1381,2,11382,483.4636018812637
1382,2,11383,236.98673147348796
1383,2,11384,174.3394375155371
1384,2,11385,280.1172974014092
1385,2,11386,519.3079786260541
1386,2,11387,240.40022819134322
1387,2,11388,537.7905387877703
1388,2,11389,232.91774906484616
1389,2,11390,270.74330224192266
1390,2,11391,132.89154007467658
1391,2,11392,554.5443496061886
1392,2,11393,377.70708953078986
1393,2,11394,265.21028367153724
1394,2,11395,640.1779601555874
1395,2,11396,567.6039873975647
1396,2,11397,575.8641793526596
1397,2,11398,454.6383802254885
1398,2,11399,315.5084190868903
1399,2,11400,164.33466483468357
1400,2,11401,428.1628467071138
1401,2,11402,455.7800660605245
1402,2,11403,274.0291022085305
1403,2,11404,400.81654150156265
1404,2,11405,52.69770656751467
1405,2,11406,328.0718489654726
1406,2,11407,202.69779647370623
1407,2,11408,461.9135168846878
1408,2,11409,844.4942502070126
1409,2,11410,226.915077814453
1410,2,11411,229.68717873004545
1411,2,11412,150.42545875888914
1412,2,11413,158.6558686609891
1413,2,11414,479.7581913715933
1414,2,11415,297.88099804699607
1415,2,11416,471.49273572788366
1416,2,11417,104.65626795829962
1417,2,11418,130.409369624012
1418,2,11419,586.3404151796638
1419,2,11420,679.5895480239676
1420,2,11421,650.6454566943751
1421,2,11422,204.99730038821656
1422,2,11423,484.6502356636063
1423,2,11424,557.3778704936254
1424,2,11425,518.191995067536
1425,2,11426,218.83793715975764
1426,2,11427,355.3512816707013
1427,2,11428,476.62363187153187
1428,2,11429,345.27131395757965
1429,2,11430,531.5557119640555
1430,2,11431,390.5617466952449
1431,2,11432,606.9651555961003
1432,2,11433,188.55256515031326
1433,2,11434,561.0271279906598
1434,2,11435,515.6896647572077
1435,2,11436,118.51326362508365
1436,2,11437,396.0645890811903
1437,2,11438,578.8510322988102
1438,2,11439,536.3817077299267
1439,2,11440,267.0341518863586
1440,2,11441,398.4163212844594
1441,2,11442,696.2216836350033
1442,2,11443,464.52965438448666
1443,2,11444,259.6533850929764
1444,2,11445,147.93960185398564
1445,2,11446,213.86574869287426
1446,2,11447,658.5606964211711
1447,2,11448,462.8674030335864
1448,2,11449,519.500567081014
1449,2,11450,374.76134678269005
1450,2,11451,373.46631013604355
1451,2,11452,384.4566298825372
1452,2,11453,345.286600217095
1453,2,11454,472.46553690030044
1454,2,11455,550.4473100078877
1455,2,11456,341.3006117426871
1456,2,11457,769.0250937333973
1457,2,11458,308.9922457289831
1458,2,11459,136.8127528310944
1459,2,11460,352.8788337379284
1460,2,11461,418.21220111609597
1461,2,11462,507.6967747039681
1462,2,11463,398.5222007023246
1463,2,11464,322.67213416238394
1464,2,11465,331.1823236531711
1465,2,11466,148.9638975111405
1466,2,11467,362.5202764299416
1467,2,11468,529.8005776890536
1468,2,11469,572.5811794796927
1469,2,11470,371.1868007227341
1470,2,11471,430.7931003060413
1471,2,11472,230.83797731556504
1472,2,11473,369.9899815191241
1473,2,11474,348.75017274395753
1474,2,11475,107.84694899944378
1475,2,11476,175.96780468360717
1476,2,11477,310.45937268423086
1477,2,11478,262.7678422979923
1478,2,11479,341.10927023366935
1479,2,11480,475.0493118598673
1480,2,11481,408.7311948626049
1481,2,11482,418.5929331833856
1482,2,11483,224.29882006350118
1483,2,11484,356.4348091965536
1484,2,11485,380.11846660458167
1485,2,11486,586.2058618455319
1486,2,11487,460.4873774316753
1487,2,11488,478.99052199160263
1488,2,11489,495.4398622077383
1489,2,11490,423.5402683404055
1490,2,11491,367.1489113085734
1491,2,11492,171.55622330542494
1492,2,11493,466.6503288647968
1493,2,11494,397.911589432554
1494,2,11495,641.6495491541051
1495,2,11496,359.82319772839077
1496,2,11497,472.8412615069876
1497,2,11498,290.10803978340806
1498,2,11499,254.3822541647322
1499,2,11500,275.10211977258
1500,2,11501,319.20760188453664
1501,2,11502,139.71255051760443
1502,2,11503,164.32258457317576
1503,2,11504,319.4101610966429
1504,2,11505,471.6889087022314
1505,2,11506,524.3687741487635
1506,2,11507,222.4137889706616
1507,2,11508,164.48363451299502
1508,2,11509,475.09298271807916
1509,2,11510,53.203594737672915
1510,2,11511,407.0227335430243
1511,2,11512,472.5717108201523
1512,2,11513,445.03172766371694
1513,2,11514,354.79792330790815
1514,2,11515,560.68225428587
1515,2,11516,382.90551028828486
1516,2,11517,307.4457334561294
1517,2,11518,616.9252713726755
1518,2,11519,107.70435493547785
1519,2,11520,518.5579875469181
1520,2,11521,424.79395114893225
1521,2,11522,345.4902260661663
1522,2,11523,579.9154917696062
1523,2,11524,160.03216423685484
1524,2,11525,288.46966591672214
1525,2,11526,520.148057111984
1526,2,11527,582.4995648518656
1527,2,11528,550.0361900207384
1528,2,11529,279.50605542552813
1529,2,11530,433.0145623059864
1530,2,11531,477.1537891082192
1531,2,11532,472.4309390234041
1532,2,11533,210.1225943884444
1533,2,11534,572.4665498571864
1534,2,11535,403.9507598861589
1535,2,11536,573.7620353658397
1536,2,11537,312.00010670673686
1537,2,11538,426.8349177498591
1538,2,11539,500.9347602580136
1539,2,11540,414.09740610979566
1540,2,11541,462.4423680440934
1541,2,11542,511.647455058255
1542,2,11543,224.47609033829536
1543,2,11544,153.36595851810958
1544,2,11545,359.12491026841286
1545,2,11546,293.70460993038984
1546,2,11547,382.16209710940467
1547,2,11548,322.26838505795047
1548,2,11549,224.63576569428278
1549,2,11550,300.8225939564266
1550,2,11551,239.33386646329038
1551,2,11552,556.0216175404526
1552,2,11553,255.62388077800327
1553,2,11554,712.6075461593963
1554,2,11555,521.9035705093818
1555,2,11556,184.53748717514273
1556,2,11557,654.2907342660344
1557,2,11558,508.8431482300114
1558,2,11559,287.022593794858
1559,2,11560,407.43996336456433
1560,2,11561,448.3972129724027
1561,2,11562,323.58162571116026
1562,2,11563,379.1535403370827
1563,2,11564,258.9087006380444
1564,2,11565,562.3908231716582
1565,2,11566,353.1738098617251
1566,2,11567,353.4055644076637
1567,2,11568,342.3176835864375
1568,2,11569,191.9981722544828
1569,2,11570,253.351206122171
1570,2,11571,204.71024783955912
1571,2,11572,363.8128264684653
1572,2,11573,546.697667649758
1573,2,11574,493.2038749055333
1574,2,11575,289.11335525412017
1575,2,11576,560.1452719026761
1576,2,11577,188.14592609155912
1577,2,11578,300.92679306362004
1578,2,11579,531.6635998063261
1579,2,11580,534.9327788747864
1580,2,11581,369.84696825642555
1581,2,11582,329.064642209832
1582,2,11583,376.71677513453045
1583,2,11584,571.5122061987709
1584,2,11585,146.62943196968078
1585,2,11586,513.5548194043931
1586,2,11587,368.26873300070395
1587,2,11588,169.6647829848866
1588,2,11589,116.91712417909173
1589,2,11590,514.348970152183
1590,2,11591,253.8038407983054
1591,2,11592,244.064907759767
1592,2,11593,204.86396370335717
1593,2,11594,627.6392166982575
1594,2,11595,511.0069298622533
1595,2,11596,401.49038373568465
1596,2,11597,484.12512206069243
1597,2,11598,788.4594419980938
1598,2,11599,499.0093974317656
1599,2,11600,427.2548052971745
1600,2,11601,575.9314847614764
1601,2,11602,471.4450338617172
1602,2,11603,308.9052492866263
1603,2,11604,451.4634340696719
1604,2,11605,254.4276657652582
1605,2,11606,560.1629394978365
1606,2,11607,384.2252712916044
1607,2,11608,228.83464459553943
1608,2,11609,305.2346585169318
1609,2,11610,608.6916474850327
1610,2,11611,346.78804556413456
1611,2,11612,164.5581281193876
1612,2,11613,558.5455273426339
1613,2,11614,388.68487651115794
1614,2,11615,245.6904718474062
1615,2,11616,105.13227101980925
1616,2,11617,630.5565610282312
1617,2,11618,417.69517820356884
1618,2,11619,672.127264115639
1619,2,11620,328.7090693634939
1620,2,11621,874.0855151759208
1621,2,11622,323.9419465776083
1622,2,11623,313.15800312927576
1623,2,11624,403.40085223942293
1624,2,11625,615.4559721357018
1625,2,11626,176.66644569747353
1626,2,11627,309.0630150943914
1627,2,11628,307.3488085157595
1628,2,11629,246.1742299450488
1629,2,11630,75.54321454634606
1630,2,11631,451.4142178625138
1631,2,11632,475.6538595875778
1632,2,11633,473.9961674001641
1633,2,11634,140.72345021924318
1634,2,11635,665.1424221800326
1635,2,11636,793.865536971316
1636,2,11637,312.7354306604315
1637,2,11638,411.7166307278917
1638,2,11639,413.08020317074016
1639,2,11640,259.0209498613235
1640,2,11641,108.62513493162254
1641,2,11642,605.4424042753731
1642,2,11643,425.8942976650708
1643,2,11644,279.10489736664056
1644,2,11645,287.75356838557514
1645,2,11646,387.6810220031016
1646,2,11647,295.51602234510824
1647,2,11648,139.08737532493697
1648,2,11649,199.56567915754962
1649,2,11650,337.8349451286055
1650,2,11651,671.7961652352594
1651,2,11652,450.0628407996519
1652,2,11653,528.2340943542578
1653,2,11654,193.73272414264602
1654,2,11655,318.11578615348736
1655,2,11656,322.63849793969786
1656,2,11657,776.824931158189
1657,2,11658,483.388235130972
1658,2,11659,280.38323499733184
1659,2,11660,418.5097777443642
1660,2,11661,537.2212349526231
1661,2,11662,167.92090893006826
1662,2,11663,420.45178479006375
1663,2,11664,362.662944347015
1664,2,11665,204.67597946591547
1665,2,11666,474.474381059841
1666,2,11667,577.1815480483684
1667,2,11668,273.3568526150355
1668,2,11669,376.68051944630486
1669,2,11670,220.99212863114522
1670,2,11671,364.0402039110938
1671,2,11672,115.38607795005674
1672,2,11673,472.9356612869302
1673,2,11674,526.9472211191232
1674,2,11675,455.53447174260225
1675,2,11676,563.0533301806178
1676,2,11677,574.7304652840465
1677,2,11678,191.27639784169148
1678,2,11679,547.1655524856374
1679,2,11680,708.952606379732
1680,2,11681,330.3970071959658
1681,2,11682,476.9787300784835
1682,2,11683,655.6056234658781
1683,2,11684,227.5275575268388
1684,2,11685,582.2362055770802
1685,2,11686,409.03247261943216
1686,2,11687,458.8592827190159
1687,2,11688,574.7924460194898
1688,2,11689,512.4808604118953
1689,2,11690,560.4769169883539
1690,2,11691,447.7255646194443
1691,2,11692,637.8745215157211
1692,2,11693,105.86515637694873
1693,2,11694,340.89365973075513
1694,2,11695,451.5264747056018
1695,2,11696,273.8216521358791
1696,2,11697,318.7141823451118
1697,2,11698,153.50037764766415
1698,2,11699,459.54650233695526
1699,2,11700,595.012027681094
1700,2,11701,189.5391073453125
1701,2,11702,346.2928267813821
1702,2,11703,154.07356163339864
1703,2,11704,283.0181664902745
1704,2,11705,303.91060540383125
1705,2,11706,571.3188160691147
1706,2,11707,437.9259435023216
1707,2,11708,452.60571548293035
1708,2,11709,357.86659250845963
1709,2,11710,543.4575133626633
1710,2,11711,604.0171983021642
1711,2,11712,296.55886878273066
1712,2,11713,209.74528682235967
1713,2,11714,261.2967001095567
1714,2,11715,464.11112155355545
1715,2,11716,150.73947557825917
1716,2,11717,609.6333366599845
1717,2,11718,185.82308302107063
1718,2,11719,150.88888458785527
1719,2,11720,115.35051931759341
1720,2,11721,373.4078597019241
1721,2,11722,336.687029056571
1722,2,11723,780.145039207982
1723,2,11724,354.76936917387746
1724,2,11725,425.0293449149067
1725,2,11726,302.7431459247459
1726,2,11727,195.78108563367888
1727,2,11728,291.73209693612785
1728,2,11729,218.08256550099668
1729,2,11730,445.9378308750761
1730,2,11731,317.23692598458706
1731,2,11732,207.8607976617294
1732,2,11733,324.29072528723185
1733,2,11734,169.38667914975133
1734,2,11735,510.1996249044109
1735,2,11736,320.1162797673709
1736,2,11737,493.0040821875749
1737,2,11738,369.3438370414419
1738,2,11739,563.0622937400468
1739,2,11740,265.14620159630215
1740,2,11741,195.12745953834732
1741,2,11742,578.6233946010337
1742,2,11743,250.65817314595233
1743,2,11744,240.23429722089142
1744,2,11745,185.78161835300352
1745,2,11746,660.6908646582424
1746,2,11747,293.9941075982582
1747,2,11748,611.528267271401
1748,2,11749,202.30230443191974
1749,2,11750,134.82091757617385
1750,2,11751,510.7278379229721
1751,2,11752,253.62598537686424
1752,2,11753,472.844464330639
1753,2,11754,878.3783366105417
1754,2,11755,143.33452300228643
1755,2,11756,631.1824187653948
1756,2,11757,528.3103781211912
1757,2,11758,580.5936892373466
1758,2,11759,192.1309064328147
1759,2,11760,208.77551851439057
1760,2,11761,496.1039309007475
1761,2,11762,260.3312655708288
1762,2,11763,280.51987792564864
1763,2,11764,256.9814161702832
1764,2,11765,501.77951211881646
1765,2,11766,331.7554845925127
1766,2,11767,636.3689885941156
1767,2,11768,166.54454451660158
1768,2,11769,740.5676030196723
1769,2,11770,466.535355806054
1770,2,11771,284.5876241655983
1771,2,11772,93.66012735581415
1772,2,11773,91.27367744470826
1773,2,11774,543.1602666231706
1774,2,11775,355.0709651528803
1775,2,11776,167.14754932745777
1776,2,11777,373.955392409994
1777,2,11778,392.5500197657103
1778,2,11779,75.35577392925143
1779,2,11780,426.25601350375086
1780,2,11781,457.14804412494914
1781,2,11782,586.0988361746148
1782,2,11783,887.0760405483015
1783,2,11784,556.5124920799657
1784,2,11785,312.8514219714863
1785,2,11786,161.76442556591968
1786,2,11787,245.2594791747437
1787,2,11788,497.2039410517152
1788,2,11789,457.41352408935023
1789,2,11790,303.2795819612625
1790,2,11791,287.33035314041774
1791,2,11792,331.2702708998735
1792,2,11793,437.03691783616927
1793,2,11794,572.7947080010896
1794,2,11795,83.3915232910573
1795,2,11796,170.58561887748684
1796,2,11797,263.64420507310456
1797,2,11798,431.4563306588588
1798,2,11799,704.394251317088
1799,2,11800,546.978332777834
1800,2,11801,426.43014999522995
1801,2,11802,156.4404529074599
1802,2,11803,662.5338748586728
1803,2,11804,715.2201541589743
1804,2,11805,285.88114722734935
1805,2,11806,321.9016834694757
1806,2,11807,246.95321378849218
1807,2,11808,231.36031857818358
1808,2,11809,544.8814715895442
1809,2,11810,567.216926276408
1810,2,11811,686.7934118389097
1811,2,11812,498.625804040044
1812,2,11813,323.49957445735674
1813,2,11814,468.09192507524745
1814,2,11815,501.6822994526824
1815,2,11816,523.969590730054
1816,2,11817,93.0267295456851
1817,2,11818,171.2289473572541
1818,2,11819,392.5738495634397
1819,2,11820,636.6358901110989
1820,2,11821,312.82364651222815
1821,2,11822,525.1087349264806
1822,2,11823,484.75683547330715
1823,2,11824,433.07330403293497
1824,2,11825,296.58711290791166
1825,2,11826,417.25827658819213
1826,2,11827,325.8052556264426
1827,2,11828,513.8918074308069
1828,2,11829,217.85543125633035
1829,2,11830,422.91762255351216
1830,2,11831,514.6110563486977
1831,2,11832,420.87883693448384
1832,2,11833,577.7880684694899
1833,2,11834,249.383608346559
1834,2,11835,212.7208458198046
1835,2,11836,411.67398677613414
1836,2,11837,266.761141853696
1837,2,11838,597.0936575975836
1838,2,11839,147.71598885779568
1839,2,11840,318.1693403968005
1840,2,11841,228.18780074422426
1841,2,11842,123.8718554352049
1842,2,11843,142.26017218468044
1843,2,11844,109.98992141408701
1844,2,11845,378.48510251145683
1845,2,11846,555.6250897172594
1846,2,11847,379.20500581140845
1847,2,11848,635.9722618772518
1848,2,11849,159.91631825520628
1849,2,11850,238.5442521805274
1850,2,11851,662.58161953492
1851,2,11852,180.6913977651458
1852,2,11853,358.4224886800485
1853,2,11854,113.29029538089429
1854,2,11855,557.5863319363123
1855,2,11856,226.4915668602827
1856,2,11857,378.6982970200912
1857,2,11858,230.18379241140744
1858,2,11859,376.12020126382384
1859,2,11860,704.9155012960557
1860,2,11861,324.0584650615328
1861,2,11862,434.64200919005407
1862,2,11863,633.780531941111
1863,2,11864,297.48755148675457
1864,2,11865,159.58787732894157
1865,2,11866,145.08040499626912
1866,2,11867,588.8402948841364
1867,2,11868,171.17650646293163
1868,2,11869,304.3756011249535
1869,2,11870,195.04267505188633
1870,2,11871,137.78260806007873
1871,2,11872,388.64280807018037
1872,2,11873,189.6247337429344
1873,2,11874,334.69868674062485
1874,2,11875,420.70917976847807
1875,2,11876,517.8987536238972
1876,2,11877,557.2944232924814
1877,2,11878,314.03353753340946
1878,2,11879,416.8075202222682
1879,2,11880,487.43353908901736
1880,2,11881,299.526393436361
1881,2,11882,765.7247464883296
1882,2,11883,341.1916542790005
1883,2,11884,214.3145134622826
1884,2,11885,583.7460801996531
1885,2,11886,741.1034243131073
1886,2,11887,319.8278338363183
1887,2,11888,779.4878637555962
1888,2,11889,577.0143645194901
1889,2,11890,414.00652804705925
1890,2,11891,155.63660769040632
1891,2,11892,463.7275906981671
1892,2,11893,435.26585168101815
1893,2,11894,168.91192424810708
1894,2,11895,497.9705005671224
1895,2,11896,445.15111586335667
1896,2,11897,276.34316878109905
1897,2,11898,529.4595648683035
1898,2,11899,652.4965834237905
1899,2,11900,352.08736132572125
1900,2,11901,209.1311561011759
1901,2,11902,574.2126171387627
1902,2,11903,455.43865307384823
1903,2,11904,219.354920568099
1904,2,11905,329.7600116045948
1905,2,11906,117.67058471627166
1906,2,11907,266.8728081642325
1907,2,11908,416.662308276128
1908,2,11909,234.52037286387286
1909,2,11910,565.2365979030733
1910,2,11911,480.3748114335501
1911,2,11912,330.76954656359
1912,2,11913,373.41721184505855
1913,2,11914,385.22892046523367
1914,2,11915,618.3034510890025
1915,2,11916,658.1683447324303
1916,2,11917,88.81425902361462
1917,2,11918,411.1402525035503
1918,2,11919,138.47443529690997
1919,2,11920,258.4816930967515
1920,2,11921,323.4583644290067
1921,2,11922,233.0983165876671
1922,2,11923,626.3197966012715
1923,2,11924,586.5329458468213
1924,2,11925,207.3198339341357
1925,2,11926,671.4998564408892
1926,2,11927,427.4081745259929
1927,2,11928,240.83130154640813
1928,2,11929,413.7651311671687
1929,2,11930,765.2435094397699
1930,2,11931,471.0610783742795
1931,2,11932,141.78897349934
1932,2,11933,203.81828772235949
1933,2,11934,190.14493003661119
1934,2,11935,421.971842958724
1935,2,11936,225.69892534525204
1936,2,11937,195.31362298370905
1937,2,11938,410.2802047865858
1938,2,11939,328.1103905107263
1939,2,11940,321.84737687620816
1940,2,11941,313.9144145474317
1941,2,11942,634.7681815331212
1942,2,11943,298.12723029252203
1943,2,11944,113.30875272164889
1944,2,11945,508.89401788400176
1945,2,11946,379.66572935507213
1946,2,11947,139.60568395123536
1947,2,11948,385.9583372407632
1948,2,11949,540.2368302525308
1949,2,11950,162.87197740761746
1950,2,11951,105.55993046409372
1951,2,11952,449.55366341759515
1952,2,11953,158.94469080731318
1953,2,11954,142.31921751489733
1954,2,11955,374.41528636238587
1955,2,11956,280.0239379053829
1956,2,11957,306.06210362565093
1957,2,11958,201.0090266136947
1958,2,11959,700.9096338853792
1959,2,11960,590.2893126183745
1960,2,11961,129.554345095929
1961,2,11962,300.31133461829177
1962,2,11963,477.38454735625294
1963,2,11964,304.0186996002751
1964,2,11965,474.00333704829904
1965,2,11966,286.6669891436439
1966,2,11967,338.5951026193377
1967,2,11968,462.17139609062656
1968,2,11969,468.3687750147459
1969,2,11970,340.87486056379896
1970,2,11971,543.3863345596901
1971,2,11972,739.9147633253754
1972,2,11973,182.3440083596458
1973,2,11974,186.1169628038808
1974,2,11975,412.3982886271124
1975,2,11976,574.8607399397371
1976,2,11977,463.4335510704679
1977,2,11978,562.5331541710592
1978,2,11979,374.4848636365812
1979,2,11980,381.3584489570779
1980,2,11981,369.04089581189317
1981,2,11982,473.172102329946
1982,2,11983,827.8842800447878
1983,2,11984,239.6032411296768
1984,2,11985,492.7387707296451
1985,2,11986,127.4595795719926
1986,2,11987,547.2279416030046
1987,2,11988,454.16949122641086
1988,2,11989,177.89325845401564
1989,2,11990,391.37612767995796
1990,2,11991,156.8027605260585
1991,2,11992,174.78245209626706
1992,2,11993,480.16265633845074
1993,2,11994,543.6589761443714
1994,2,11995,363.1513853753086
1995,2,11996,522.7393102229814
1996,2,11997,430.19936561953574
1997,2,11998,135.18797517701236
1998,2,11999,373.4134071798261
1999,2,12000,425.146014580587
